"LOCATION","INDICATOR","SUBJECT","MEASURE","FREQUENCY","TIME","Value","Flag Codes"
"AUS","FDISTOCK","INWARD","PC_GDP","A","2005",32.58021459138,
"AUS","FDISTOCK","INWARD","PC_GDP","A","2006",36.954194347878,
"AUS","FDISTOCK","INWARD","PC_GDP","A","2007",39.841399208411,
"AUS","FDISTOCK","INWARD","PC_GDP","A","2008",29.166360467287,
"AUS","FDISTOCK","INWARD","PC_GDP","A","2009",43.373213049187,
"AUS","FDISTOCK","INWARD","PC_GDP","A","2010",40.631541649119,
"AUS","FDISTOCK","INWARD","PC_GDP","A","2011",35.942351941885,
"AUS","FDISTOCK","INWARD","PC_GDP","A","2012",38.730467888636,
"AUS","FDISTOCK","INWARD","PC_GDP","A","2013",36.925241219743,
"AUS","FDISTOCK","INWARD","PC_GDP","A","2014",38.519426111823,
"AUS","FDISTOCK","INWARD","PC_GDP","A","2015",43.130957654359,
"AUS","FDISTOCK","INWARD","PC_GDP","A","2016",44.216467971937,
"AUS","FDISTOCK","INWARD","PC_GDP","A","2017",46.574431299741,
"AUT","FDISTOCK","INWARD","PC_GDP","A","2005",26.512527152599,
"AUT","FDISTOCK","INWARD","PC_GDP","A","2006",33.736347933906,
"AUT","FDISTOCK","INWARD","PC_GDP","A","2007",42.345683392387,
"AUT","FDISTOCK","INWARD","PC_GDP","A","2008",35.011560482643,
"AUT","FDISTOCK","INWARD","PC_GDP","A","2009",43.605440496066,
"AUT","FDISTOCK","INWARD","PC_GDP","A","2010",42.480459408389,
"AUT","FDISTOCK","INWARD","PC_GDP","A","2011",36.848815702413,
"AUT","FDISTOCK","INWARD","PC_GDP","A","2012",41.936004408336,
"AUT","FDISTOCK","INWARD","PC_GDP","A","2013",43.386281089507,
"AUT","FDISTOCK","INWARD","PC_GDP","A","2014",41.364796061796,
"AUT","FDISTOCK","INWARD","PC_GDP","A","2015",43.407537838072,
"AUT","FDISTOCK","INWARD","PC_GDP","A","2016",40.413542250727,
"AUT","FDISTOCK","INWARD","PC_GDP","A","2017",47.994933911872,
"BEL","FDISTOCK","INWARD","PC_GDP","A","2012",97.658502378294,
"BEL","FDISTOCK","INWARD","PC_GDP","A","2013",92.709187893323,
"BEL","FDISTOCK","INWARD","PC_GDP","A","2014",93.546814699006,
"BEL","FDISTOCK","INWARD","PC_GDP","A","2015",114.4938069417,
"BEL","FDISTOCK","INWARD","PC_GDP","A","2016",106.8488943252,
"BEL","FDISTOCK","INWARD","PC_GDP","A","2017",114.53930650568,
"CAN","FDISTOCK","INWARD","PC_GDP","A","2005",54.613790740167,
"CAN","FDISTOCK","INWARD","PC_GDP","A","2006",53.733432079303,
"CAN","FDISTOCK","INWARD","PC_GDP","A","2007",70.510689404587,
"CAN","FDISTOCK","INWARD","PC_GDP","A","2008",40.036269611973,
"CAN","FDISTOCK","INWARD","PC_GDP","A","2009",63.265740849795,
"CAN","FDISTOCK","INWARD","PC_GDP","A","2010",60.979966355018,
"CAN","FDISTOCK","INWARD","PC_GDP","A","2011",48.231897249576,
"CAN","FDISTOCK","INWARD","PC_GDP","A","2012",52.267097923575,
"CAN","FDISTOCK","INWARD","PC_GDP","A","2013",53.322193549663,
"CAN","FDISTOCK","INWARD","PC_GDP","A","2014",55.284134165933,
"CAN","FDISTOCK","INWARD","PC_GDP","A","2015",51.698229704765,
"CAN","FDISTOCK","INWARD","PC_GDP","A","2016",62.892417449178,
"CAN","FDISTOCK","INWARD","PC_GDP","A","2017",64.907601241783,
"CZE","FDISTOCK","INWARD","PC_GDP","A","2005",44.512773116744,
"CZE","FDISTOCK","INWARD","PC_GDP","A","2006",51.354648714308,
"CZE","FDISTOCK","INWARD","PC_GDP","A","2007",59.397069860628,
"CZE","FDISTOCK","INWARD","PC_GDP","A","2008",48.011801869489,
"CZE","FDISTOCK","INWARD","PC_GDP","A","2009",61.028593786255,
"CZE","FDISTOCK","INWARD","PC_GDP","A","2010",61.936952208336,
"CZE","FDISTOCK","INWARD","PC_GDP","A","2011",52.893255985458,
"CZE","FDISTOCK","INWARD","PC_GDP","A","2012",65.819383362359,
"CZE","FDISTOCK","INWARD","PC_GDP","A","2013",64.032004378106,
"CZE","FDISTOCK","INWARD","PC_GDP","A","2014",58.470223494408,
"CZE","FDISTOCK","INWARD","PC_GDP","A","2015",62.424601122069,
"CZE","FDISTOCK","INWARD","PC_GDP","A","2016",62.460625420177,
"CZE","FDISTOCK","INWARD","PC_GDP","A","2017",71.869067181026,
"DNK","FDISTOCK","INWARD","PC_GDP","A","2005",28.22694956286,
"DNK","FDISTOCK","INWARD","PC_GDP","A","2006",32.550038796092,
"DNK","FDISTOCK","INWARD","PC_GDP","A","2007",34.840418991241,
"DNK","FDISTOCK","INWARD","PC_GDP","A","2008",29.416754794174,
"DNK","FDISTOCK","INWARD","PC_GDP","A","2009",32.134406640482,
"DNK","FDISTOCK","INWARD","PC_GDP","A","2010",30.119669049869,
"DNK","FDISTOCK","INWARD","PC_GDP","A","2011",28.611112101951,
"DNK","FDISTOCK","INWARD","PC_GDP","A","2012",30.053446846942,
"DNK","FDISTOCK","INWARD","PC_GDP","A","2013",21.81221671208,
"DNK","FDISTOCK","INWARD","PC_GDP","A","2014",27.129809102385,
"DNK","FDISTOCK","INWARD","PC_GDP","A","2015",30.750989268021,
"DNK","FDISTOCK","INWARD","PC_GDP","A","2016",31.856100616335,
"DNK","FDISTOCK","INWARD","PC_GDP","A","2017",36.387594921722,
"FIN","FDISTOCK","INWARD","PC_GDP","A","2005",26.806146813669,
"FIN","FDISTOCK","INWARD","PC_GDP","A","2006",32.589123872385,
"FIN","FDISTOCK","INWARD","PC_GDP","A","2007",35.909733038715,
"FIN","FDISTOCK","INWARD","PC_GDP","A","2008",29.440858078561,
"FIN","FDISTOCK","INWARD","PC_GDP","A","2009",33.866694434454,
"FIN","FDISTOCK","INWARD","PC_GDP","A","2010",34.646984246838,
"FIN","FDISTOCK","INWARD","PC_GDP","A","2011",32.603106392151,
"FIN","FDISTOCK","INWARD","PC_GDP","A","2012",37.644502147399,
"FIN","FDISTOCK","INWARD","PC_GDP","A","2013",32.877582181479,"B"
"FIN","FDISTOCK","INWARD","PC_GDP","A","2014",34.443372204313,
"FIN","FDISTOCK","INWARD","PC_GDP","A","2015",35.113516133073,
"FIN","FDISTOCK","INWARD","PC_GDP","A","2016",33.701040074135,
"FIN","FDISTOCK","INWARD","PC_GDP","A","2017",34.930048008279,
"FRA","FDISTOCK","INWARD","PC_GDP","A","2005",16.913668493559,
"FRA","FDISTOCK","INWARD","PC_GDP","A","2006",21.296911460536,
"FRA","FDISTOCK","INWARD","PC_GDP","A","2007",23.47044827951,
"FRA","FDISTOCK","INWARD","PC_GDP","A","2008",19.292154589721,
"FRA","FDISTOCK","INWARD","PC_GDP","A","2009",24.091081847307,
"FRA","FDISTOCK","INWARD","PC_GDP","A","2010",23.866256956494,
"FRA","FDISTOCK","INWARD","PC_GDP","A","2011",24.422668235712,
"FRA","FDISTOCK","INWARD","PC_GDP","A","2012",25.349535701421,
"FRA","FDISTOCK","INWARD","PC_GDP","A","2013",27.085082717722,
"FRA","FDISTOCK","INWARD","PC_GDP","A","2014",24.543686257819,
"FRA","FDISTOCK","INWARD","PC_GDP","A","2015",28.192608613037,
"FRA","FDISTOCK","INWARD","PC_GDP","A","2016",28.593673589492,
"FRA","FDISTOCK","INWARD","PC_GDP","A","2017",33.864148643708,
"DEU","FDISTOCK","INWARD","PC_GDP","A","2005",22.639252134389,
"DEU","FDISTOCK","INWARD","PC_GDP","A","2006",27.853160376287,
"DEU","FDISTOCK","INWARD","PC_GDP","A","2007",29.441714087367,
"DEU","FDISTOCK","INWARD","PC_GDP","A","2008",24.714905744494,
"DEU","FDISTOCK","INWARD","PC_GDP","A","2009",28.234944727695,
"DEU","FDISTOCK","INWARD","PC_GDP","A","2010",28.070619580404,
"DEU","FDISTOCK","INWARD","PC_GDP","A","2011",26.307351820902,
"DEU","FDISTOCK","INWARD","PC_GDP","A","2012",24.362703516725,"B"
"DEU","FDISTOCK","INWARD","PC_GDP","A","2013",25.454073998528,
"DEU","FDISTOCK","INWARD","PC_GDP","A","2014",22.115251849849,
"DEU","FDISTOCK","INWARD","PC_GDP","A","2015",23.25203130031,
"DEU","FDISTOCK","INWARD","PC_GDP","A","2016",22.61231668712,
"DEU","FDISTOCK","INWARD","PC_GDP","A","2017",25.746204141636,
"GRC","FDISTOCK","INWARD","PC_GDP","A","2005",11.780115055104,
"GRC","FDISTOCK","INWARD","PC_GDP","A","2006",15.107014082595,
"GRC","FDISTOCK","INWARD","PC_GDP","A","2007",16.710843815083,
"GRC","FDISTOCK","INWARD","PC_GDP","A","2008",10.754271497842,
"GRC","FDISTOCK","INWARD","PC_GDP","A","2009",12.758503801648,
"GRC","FDISTOCK","INWARD","PC_GDP","A","2010",11.700026821516,
"GRC","FDISTOCK","INWARD","PC_GDP","A","2011",10.096704317018,
"GRC","FDISTOCK","INWARD","PC_GDP","A","2012",10.079563001013,
"GRC","FDISTOCK","INWARD","PC_GDP","A","2013",10.777124994714,
"GRC","FDISTOCK","INWARD","PC_GDP","A","2014",10.364585863747,
"GRC","FDISTOCK","INWARD","PC_GDP","A","2015",13.782617416976,
"GRC","FDISTOCK","INWARD","PC_GDP","A","2016",12.774288254694,
"GRC","FDISTOCK","INWARD","PC_GDP","A","2017",16.244861195036,
"HUN","FDISTOCK","INWARD","PC_GDP","A","2005",54.062968442095,
"HUN","FDISTOCK","INWARD","PC_GDP","A","2006",69.537954826268,
"HUN","FDISTOCK","INWARD","PC_GDP","A","2007",68.260357636372,
"HUN","FDISTOCK","INWARD","PC_GDP","A","2008",55.734209573744,
"HUN","FDISTOCK","INWARD","PC_GDP","A","2009",75.709719950014,
"HUN","FDISTOCK","INWARD","PC_GDP","A","2010",69.392600264379,
"HUN","FDISTOCK","INWARD","PC_GDP","A","2011",60.612001315328,
"HUN","FDISTOCK","INWARD","PC_GDP","A","2012",81.348527305466,
"HUN","FDISTOCK","INWARD","PC_GDP","A","2013",80.300406754031,
"HUN","FDISTOCK","INWARD","PC_GDP","A","2014",71.063935544489,
"HUN","FDISTOCK","INWARD","PC_GDP","A","2015",69.056862780749,
"HUN","FDISTOCK","INWARD","PC_GDP","A","2016",64.157850265201,
"HUN","FDISTOCK","INWARD","PC_GDP","A","2017",65.397627725747,
"ISL","FDISTOCK","INWARD","PC_GDP","A","2005",28.090504627305,
"ISL","FDISTOCK","INWARD","PC_GDP","A","2006",45.119323129845,
"ISL","FDISTOCK","INWARD","PC_GDP","A","2007",77.163081848358,
"ISL","FDISTOCK","INWARD","PC_GDP","A","2008",52.185232634144,
"ISL","FDISTOCK","INWARD","PC_GDP","A","2009",66.61326782086,
"ISL","FDISTOCK","INWARD","PC_GDP","A","2010",88.531456754091,
"ISL","FDISTOCK","INWARD","PC_GDP","A","2011",85.902720303536,
"ISL","FDISTOCK","INWARD","PC_GDP","A","2012",72.539541790862,
"ISL","FDISTOCK","INWARD","PC_GDP","A","2013",47.381432139583,
"ISL","FDISTOCK","INWARD","PC_GDP","A","2014",45.589790614923,
"ISL","FDISTOCK","INWARD","PC_GDP","A","2015",46.340031384032,
"ISL","FDISTOCK","INWARD","PC_GDP","A","2016",48.46801633424,
"ISL","FDISTOCK","INWARD","PC_GDP","A","2017",42.334861210746,
"IRL","FDISTOCK","INWARD","PC_GDP","A","2005",77.264173057789,
"IRL","FDISTOCK","INWARD","PC_GDP","A","2006",67.432424016493,
"IRL","FDISTOCK","INWARD","PC_GDP","A","2007",75.465027503291,
"IRL","FDISTOCK","INWARD","PC_GDP","A","2008",68.461237682017,
"IRL","FDISTOCK","INWARD","PC_GDP","A","2009",105.84855356426,
"IRL","FDISTOCK","INWARD","PC_GDP","A","2010",128.55838669074,
"IRL","FDISTOCK","INWARD","PC_GDP","A","2011",122.09723204511,
"IRL","FDISTOCK","INWARD","PC_GDP","A","2012",170.21398324802,"B"
"IRL","FDISTOCK","INWARD","PC_GDP","A","2013",171.11886681594,
"IRL","FDISTOCK","INWARD","PC_GDP","A","2014",160.57389556715,
"IRL","FDISTOCK","INWARD","PC_GDP","A","2015",305.13359585713,
"IRL","FDISTOCK","INWARD","PC_GDP","A","2016",278.13594541329,
"IRL","FDISTOCK","INWARD","PC_GDP","A","2017",269.36706169585,
"ITA","FDISTOCK","INWARD","PC_GDP","A","2005",12.094908359155,
"ITA","FDISTOCK","INWARD","PC_GDP","A","2006",15.180007903388,
"ITA","FDISTOCK","INWARD","PC_GDP","A","2007",17.091432690651,
"ITA","FDISTOCK","INWARD","PC_GDP","A","2008",13.716303102743,
"ITA","FDISTOCK","INWARD","PC_GDP","A","2009",16.679696102861,
"ITA","FDISTOCK","INWARD","PC_GDP","A","2010",15.437436786505,
"ITA","FDISTOCK","INWARD","PC_GDP","A","2011",15.600282049644,
"ITA","FDISTOCK","INWARD","PC_GDP","A","2012",17.540606067073,
"ITA","FDISTOCK","INWARD","PC_GDP","A","2013",17.132363377397,"B"
"ITA","FDISTOCK","INWARD","PC_GDP","A","2014",16.381322319741,
"ITA","FDISTOCK","INWARD","PC_GDP","A","2015",18.578263222831,
"ITA","FDISTOCK","INWARD","PC_GDP","A","2016",18.964684635368,
"ITA","FDISTOCK","INWARD","PC_GDP","A","2017",22.077946970769,
"JPN","FDISTOCK","INWARD","PC_GDP","A","2005",2.1217630320773,
"JPN","FDISTOCK","INWARD","PC_GDP","A","2006",2.3758189368072,
"JPN","FDISTOCK","INWARD","PC_GDP","A","2007",2.9422619551493,
"JPN","FDISTOCK","INWARD","PC_GDP","A","2008",4.0368361755171,
"JPN","FDISTOCK","INWARD","PC_GDP","A","2009",3.825962789662,
"JPN","FDISTOCK","INWARD","PC_GDP","A","2010",3.7699268493121,
"JPN","FDISTOCK","INWARD","PC_GDP","A","2011",3.6668509974414,
"JPN","FDISTOCK","INWARD","PC_GDP","A","2012",3.3168884968982,
"JPN","FDISTOCK","INWARD","PC_GDP","A","2013",3.3111346833464,
"JPN","FDISTOCK","INWARD","PC_GDP","A","2014",3.5391574267883,
"JPN","FDISTOCK","INWARD","PC_GDP","A","2015",3.9623876619192,
"JPN","FDISTOCK","INWARD","PC_GDP","A","2016",3.9725808398393,
"JPN","FDISTOCK","INWARD","PC_GDP","A","2017",4.1089452167709,
"KOR","FDISTOCK","INWARD","PC_GDP","A","2013",12.743144628106,
"KOR","FDISTOCK","INWARD","PC_GDP","A","2014",11.962256944017,
"KOR","FDISTOCK","INWARD","PC_GDP","A","2015",12.21634047462,
"KOR","FDISTOCK","INWARD","PC_GDP","A","2016",12.36771931888,
"LUX","FDISTOCK","INWARD","PC_GDP","A","2012",277.99267090552,
"LUX","FDISTOCK","INWARD","PC_GDP","A","2013",265.09340939935,
"LUX","FDISTOCK","INWARD","PC_GDP","A","2014",345.58462038697,
"LUX","FDISTOCK","INWARD","PC_GDP","A","2015",347.27796579687,
"LUX","FDISTOCK","INWARD","PC_GDP","A","2016",344.81460292329,
"LUX","FDISTOCK","INWARD","PC_GDP","A","2017",286.66786193545,
"MEX","FDISTOCK","INWARD","PC_GDP","A","2005",28.264405434469,
"MEX","FDISTOCK","INWARD","PC_GDP","A","2006",28.428416598326,
"MEX","FDISTOCK","INWARD","PC_GDP","A","2007",29.604592311806,
"MEX","FDISTOCK","INWARD","PC_GDP","A","2008",25.285011506714,
"MEX","FDISTOCK","INWARD","PC_GDP","A","2009",37.669440207393,
"MEX","FDISTOCK","INWARD","PC_GDP","A","2010",36.828380617791,
"MEX","FDISTOCK","INWARD","PC_GDP","A","2011",32.503463073319,
"MEX","FDISTOCK","INWARD","PC_GDP","A","2012",38.201321502396,
"MEX","FDISTOCK","INWARD","PC_GDP","A","2013",38.423423788599,
"MEX","FDISTOCK","INWARD","PC_GDP","A","2014",37.409533183922,
"MEX","FDISTOCK","INWARD","PC_GDP","A","2015",42.919685521135,
"MEX","FDISTOCK","INWARD","PC_GDP","A","2016",43.961111216189,
"MEX","FDISTOCK","INWARD","PC_GDP","A","2017",42.655797035291,
"NLD","FDISTOCK","INWARD","PC_GDP","A","2005",69.978422256244,
"NLD","FDISTOCK","INWARD","PC_GDP","A","2006",75.377911966653,
"NLD","FDISTOCK","INWARD","PC_GDP","A","2007",90.562207534078,
"NLD","FDISTOCK","INWARD","PC_GDP","A","2008",68.294619466778,
"NLD","FDISTOCK","INWARD","PC_GDP","A","2009",74.461305377382,
"NLD","FDISTOCK","INWARD","PC_GDP","A","2010",69.46636908757,
"NLD","FDISTOCK","INWARD","PC_GDP","A","2011",67.542582534611,
"NLD","FDISTOCK","INWARD","PC_GDP","A","2012",74.867898901496,
"NLD","FDISTOCK","INWARD","PC_GDP","A","2013",90.949378705095,
"NLD","FDISTOCK","INWARD","PC_GDP","A","2014",159.94142606127,
"NLD","FDISTOCK","INWARD","PC_GDP","A","2015",179.05401923454,
"NLD","FDISTOCK","INWARD","PC_GDP","A","2016",177.93874860652,
"NLD","FDISTOCK","INWARD","PC_GDP","A","2017",201.50447066087,
"NZL","FDISTOCK","INWARD","PC_GDP","A","2005",38.435086486189,
"NZL","FDISTOCK","INWARD","PC_GDP","A","2006",44.906835715219,
"NZL","FDISTOCK","INWARD","PC_GDP","A","2007",42.941537611259,
"NZL","FDISTOCK","INWARD","PC_GDP","A","2008",33.099235020915,
"NZL","FDISTOCK","INWARD","PC_GDP","A","2009",46.529714869676,
"NZL","FDISTOCK","INWARD","PC_GDP","A","2010",39.134075449172,
"NZL","FDISTOCK","INWARD","PC_GDP","A","2011",38.24761871064,
"NZL","FDISTOCK","INWARD","PC_GDP","A","2012",40.625379180089,
"NZL","FDISTOCK","INWARD","PC_GDP","A","2013",39.491358857502,
"NZL","FDISTOCK","INWARD","PC_GDP","A","2014",38.130364406571,
"NZL","FDISTOCK","INWARD","PC_GDP","A","2015",37.432367477703,
"NZL","FDISTOCK","INWARD","PC_GDP","A","2016",37.200848919146,
"NZL","FDISTOCK","INWARD","PC_GDP","A","2017",36.933031372471,
"NOR","FDISTOCK","INWARD","PC_GDP","A","2013",36.453728358948,
"NOR","FDISTOCK","INWARD","PC_GDP","A","2014",34.671333989268,
"NOR","FDISTOCK","INWARD","PC_GDP","A","2015",38.143439632435,
"NOR","FDISTOCK","INWARD","PC_GDP","A","2016",39.727057427211,
"NOR","FDISTOCK","INWARD","PC_GDP","A","2017",36.090328790327,
"POL","FDISTOCK","INWARD","PC_GDP","A","2005",28.20319551214,
"POL","FDISTOCK","INWARD","PC_GDP","A","2006",33.588021323639,
"POL","FDISTOCK","INWARD","PC_GDP","A","2007",38.311290641003,
"POL","FDISTOCK","INWARD","PC_GDP","A","2008",27.800759282319,
"POL","FDISTOCK","INWARD","PC_GDP","A","2009",38.059369471896,
"POL","FDISTOCK","INWARD","PC_GDP","A","2010",39.139114433492,
"POL","FDISTOCK","INWARD","PC_GDP","A","2011",31.092482470597,
"POL","FDISTOCK","INWARD","PC_GDP","A","2012",39.762479665809,
"POL","FDISTOCK","INWARD","PC_GDP","A","2013",43.714807094673,
"POL","FDISTOCK","INWARD","PC_GDP","A","2014",38.877854190183,
"POL","FDISTOCK","INWARD","PC_GDP","A","2015",38.518263576648,
"POL","FDISTOCK","INWARD","PC_GDP","A","2016",39.616166522647,
"POL","FDISTOCK","INWARD","PC_GDP","A","2017",45.499157992813,
"PRT","FDISTOCK","INWARD","PC_GDP","A","2005",26.267725697533,
"PRT","FDISTOCK","INWARD","PC_GDP","A","2006",33.453568442716,
"PRT","FDISTOCK","INWARD","PC_GDP","A","2007",37.728030704111,
"PRT","FDISTOCK","INWARD","PC_GDP","A","2008",27.54231221577,
"PRT","FDISTOCK","INWARD","PC_GDP","A","2009",35.146113219095,
"PRT","FDISTOCK","INWARD","PC_GDP","A","2010",35.613866181443,
"PRT","FDISTOCK","INWARD","PC_GDP","A","2011",34.700021286978,
"PRT","FDISTOCK","INWARD","PC_GDP","A","2012",44.905374203822,
"PRT","FDISTOCK","INWARD","PC_GDP","A","2013",48.139435244325,
"PRT","FDISTOCK","INWARD","PC_GDP","A","2014",44.890703612776,
"PRT","FDISTOCK","INWARD","PC_GDP","A","2015",52.543696925679,
"PRT","FDISTOCK","INWARD","PC_GDP","A","2016",51.161897382643,
"PRT","FDISTOCK","INWARD","PC_GDP","A","2017",59.895006291985,
"SVK","FDISTOCK","INWARD","PC_GDP","A","2005",60.438829997766,
"SVK","FDISTOCK","INWARD","PC_GDP","A","2006",67.560781133019,
"SVK","FDISTOCK","INWARD","PC_GDP","A","2007",62.027499978332,
"SVK","FDISTOCK","INWARD","PC_GDP","A","2008",52.196911727054,
"SVK","FDISTOCK","INWARD","PC_GDP","A","2009",59.074930649649,
"SVK","FDISTOCK","INWARD","PC_GDP","A","2010",56.231206336127,
"SVK","FDISTOCK","INWARD","PC_GDP","A","2011",52.940376109237,
"SVK","FDISTOCK","INWARD","PC_GDP","A","2012",59.004521986924,
"SVK","FDISTOCK","INWARD","PC_GDP","A","2013",58.918735668352,
"SVK","FDISTOCK","INWARD","PC_GDP","A","2014",49.270872981443,
"SVK","FDISTOCK","INWARD","PC_GDP","A","2015",52.588569268015,
"SVK","FDISTOCK","INWARD","PC_GDP","A","2016",53.01599909124,
"SVK","FDISTOCK","INWARD","PC_GDP","A","2017",58.30665589781,
"ESP","FDISTOCK","INWARD","PC_GDP","A","2013",,"N"
"ESP","FDISTOCK","INWARD","PC_GDP","A","2014",41.969951464104,
"ESP","FDISTOCK","INWARD","PC_GDP","A","2015",44.156725615024,
"ESP","FDISTOCK","INWARD","PC_GDP","A","2016",44.000430889781,
"ESP","FDISTOCK","INWARD","PC_GDP","A","2017",47.474932320211,
"SWE","FDISTOCK","INWARD","PC_GDP","A","2013",62.103143690575,
"SWE","FDISTOCK","INWARD","PC_GDP","A","2014",51.100221365425,
"SWE","FDISTOCK","INWARD","PC_GDP","A","2015",58.079191085085,
"SWE","FDISTOCK","INWARD","PC_GDP","A","2016",56.006132669235,
"SWE","FDISTOCK","INWARD","PC_GDP","A","2017",60.697803947992,
"CHE","FDISTOCK","INWARD","PC_GDP","A","2014",99.584594479814,
"CHE","FDISTOCK","INWARD","PC_GDP","A","2015",112.61889067865,
"CHE","FDISTOCK","INWARD","PC_GDP","A","2016",138.42053202391,
"CHE","FDISTOCK","INWARD","PC_GDP","A","2017",147.46386082759,
"TUR","FDISTOCK","INWARD","PC_GDP","A","2005",14.223930074153,
"TUR","FDISTOCK","INWARD","PC_GDP","A","2006",17.217403863749,
"TUR","FDISTOCK","INWARD","PC_GDP","A","2007",22.961014960916,
"TUR","FDISTOCK","INWARD","PC_GDP","A","2008",10.517021012978,
"TUR","FDISTOCK","INWARD","PC_GDP","A","2009",22.312964762945,
"TUR","FDISTOCK","INWARD","PC_GDP","A","2010",24.245708641586,
"TUR","FDISTOCK","INWARD","PC_GDP","A","2011",16.408216576063,
"TUR","FDISTOCK","INWARD","PC_GDP","A","2012",21.75388549281,
"TUR","FDISTOCK","INWARD","PC_GDP","A","2013",15.972290205937,
"TUR","FDISTOCK","INWARD","PC_GDP","A","2014",19.589031007063,
"TUR","FDISTOCK","INWARD","PC_GDP","A","2015",18.385525280352,
"TUR","FDISTOCK","INWARD","PC_GDP","A","2016",17.186365543039,
"TUR","FDISTOCK","INWARD","PC_GDP","A","2017",22.821805769677,
"GBR","FDISTOCK","INWARD","PC_GDP","A","2005",31.211209209652,
"GBR","FDISTOCK","INWARD","PC_GDP","A","2006",38.382333285582,
"GBR","FDISTOCK","INWARD","PC_GDP","A","2007",36.467506769776,
"GBR","FDISTOCK","INWARD","PC_GDP","A","2008",31.372145804601,
"GBR","FDISTOCK","INWARD","PC_GDP","A","2009",42.859016521544,
"GBR","FDISTOCK","INWARD","PC_GDP","A","2010",43.546150454644,
"GBR","FDISTOCK","INWARD","PC_GDP","A","2011",43.929045816512,
"GBR","FDISTOCK","INWARD","PC_GDP","A","2012",53.819120489161,
"GBR","FDISTOCK","INWARD","PC_GDP","A","2013",54.934175199928,
"GBR","FDISTOCK","INWARD","PC_GDP","A","2014",52.113167871759,
"GBR","FDISTOCK","INWARD","PC_GDP","A","2015",52.846331953667,
"GBR","FDISTOCK","INWARD","PC_GDP","A","2016",55.486728356012,
"GBR","FDISTOCK","INWARD","PC_GDP","A","2017",68.75963937268,
"USA","FDISTOCK","INWARD","PC_GDP","A","2005",21.521528707718,
"USA","FDISTOCK","INWARD","PC_GDP","A","2006",23.766452211507,
"USA","FDISTOCK","INWARD","PC_GDP","A","2007",24.529607218306,
"USA","FDISTOCK","INWARD","PC_GDP","A","2008",16.893244199747,
"USA","FDISTOCK","INWARD","PC_GDP","A","2009",20.774764006755,
"USA","FDISTOCK","INWARD","PC_GDP","A","2010",22.869606556159,
"USA","FDISTOCK","INWARD","PC_GDP","A","2011",22.546350588345,
"USA","FDISTOCK","INWARD","PC_GDP","A","2012",24.23857777842,
"USA","FDISTOCK","INWARD","PC_GDP","A","2013",29.646304766667,
"USA","FDISTOCK","INWARD","PC_GDP","A","2014",31.311742190222,
"USA","FDISTOCK","INWARD","PC_GDP","A","2015",31.628902702178,
"USA","FDISTOCK","INWARD","PC_GDP","A","2016",35.364169996738,
"USA","FDISTOCK","INWARD","PC_GDP","A","2017",40.453623827293,
"ARG","FDISTOCK","INWARD","PC_GDP","A","2005",18.862767928973,
"ARG","FDISTOCK","INWARD","PC_GDP","A","2006",25.547887463352,
"ARG","FDISTOCK","INWARD","PC_GDP","A","2007",22.855853098013,
"ARG","FDISTOCK","INWARD","PC_GDP","A","2008",20.576002257931,
"ARG","FDISTOCK","INWARD","PC_GDP","A","2009",23.25042796485,
"ARG","FDISTOCK","INWARD","PC_GDP","A","2010",20.068822666273,
"ARG","FDISTOCK","INWARD","PC_GDP","A","2011",17.408954534703,
"ARG","FDISTOCK","INWARD","PC_GDP","A","2012",16.976393927464,
"ARG","FDISTOCK","INWARD","PC_GDP","A","2013",14.403341833574,
"ARG","FDISTOCK","INWARD","PC_GDP","A","2014",15.821529702578,
"ARG","FDISTOCK","INWARD","PC_GDP","A","2015",12.369763400151,
"ARG","FDISTOCK","INWARD","PC_GDP","A","2016",12.996026578866,
"ARG","FDISTOCK","INWARD","PC_GDP","A","2017",11.959474573724,
"BRA","FDISTOCK","INWARD","PC_GDP","A","2005",19.953819606211,
"BRA","FDISTOCK","INWARD","PC_GDP","A","2006",19.232201607274,
"BRA","FDISTOCK","INWARD","PC_GDP","A","2007",20.938229606554,
"BRA","FDISTOCK","INWARD","PC_GDP","A","2008",15.362807465778,
"BRA","FDISTOCK","INWARD","PC_GDP","A","2009",22.026623574389,
"BRA","FDISTOCK","INWARD","PC_GDP","A","2010",28.989449249359,
"BRA","FDISTOCK","INWARD","PC_GDP","A","2011",24.812199697832,
"BRA","FDISTOCK","INWARD","PC_GDP","A","2012",26.943062433609,
"BRA","FDISTOCK","INWARD","PC_GDP","A","2013",25.387579861271,
"BRA","FDISTOCK","INWARD","PC_GDP","A","2014",24.490198423986,
"BRA","FDISTOCK","INWARD","PC_GDP","A","2015",23.850856613983,
"BRA","FDISTOCK","INWARD","PC_GDP","A","2016",31.433449033144,
"BRA","FDISTOCK","INWARD","PC_GDP","A","2017",30.316272410922,
"CHL","FDISTOCK","INWARD","PC_GDP","A","2009",73.813207831718,
"CHL","FDISTOCK","INWARD","PC_GDP","A","2010",72.005444398525,
"CHL","FDISTOCK","INWARD","PC_GDP","A","2011",67.191819572432,
"CHL","FDISTOCK","INWARD","PC_GDP","A","2012",75.053185581623,
"CHL","FDISTOCK","INWARD","PC_GDP","A","2013",75.599184531218,
"CHL","FDISTOCK","INWARD","PC_GDP","A","2014",84.624266584592,
"CHL","FDISTOCK","INWARD","PC_GDP","A","2015",93.957170511472,
"CHL","FDISTOCK","INWARD","PC_GDP","A","2016",98.602887499554,
"CHL","FDISTOCK","INWARD","PC_GDP","A","2017",98.174695763529,
"CHN","FDISTOCK","INWARD","PC_GDP","A","2005",20.628047545164,
"CHN","FDISTOCK","INWARD","PC_GDP","A","2006",22.324016407867,
"CHN","FDISTOCK","INWARD","PC_GDP","A","2007",19.809517481932,
"CHN","FDISTOCK","INWARD","PC_GDP","A","2008",19.910342824569,
"CHN","FDISTOCK","INWARD","PC_GDP","A","2009",25.729660673252,
"CHN","FDISTOCK","INWARD","PC_GDP","A","2010",25.728473808267,
"CHN","FDISTOCK","INWARD","PC_GDP","A","2011",25.181684989899,
"CHN","FDISTOCK","INWARD","PC_GDP","A","2012",24.157460664925,
"CHN","FDISTOCK","INWARD","PC_GDP","A","2013",24.265302141224,
"CHN","FDISTOCK","INWARD","PC_GDP","A","2014",24.795118695747,
"CHN","FDISTOCK","INWARD","PC_GDP","A","2015",24.36891555852,
"CHN","FDISTOCK","INWARD","PC_GDP","A","2016",24.619246205392,
"CHN","FDISTOCK","INWARD","PC_GDP","A","2017",24.149311288506,
"EST","FDISTOCK","INWARD","PC_GDP","A","2005",79.919857242247,
"EST","FDISTOCK","INWARD","PC_GDP","A","2006",71.406049979431,
"EST","FDISTOCK","INWARD","PC_GDP","A","2007",70.485479263243,
"EST","FDISTOCK","INWARD","PC_GDP","A","2008",63.932871907058,
"EST","FDISTOCK","INWARD","PC_GDP","A","2009",80.573970752197,
"EST","FDISTOCK","INWARD","PC_GDP","A","2010",79.737542209767,
"EST","FDISTOCK","INWARD","PC_GDP","A","2011",70.55936625598,
"EST","FDISTOCK","INWARD","PC_GDP","A","2012",82.166932243275,
"EST","FDISTOCK","INWARD","PC_GDP","A","2013",87.84811708824,
"EST","FDISTOCK","INWARD","PC_GDP","A","2014",78.791172666068,
"EST","FDISTOCK","INWARD","PC_GDP","A","2015",82.763006886669,
"EST","FDISTOCK","INWARD","PC_GDP","A","2016",82.307224463407,
"EST","FDISTOCK","INWARD","PC_GDP","A","2017",89.796452075722,
"IND","FDISTOCK","INWARD","PC_GDP","A","2005",6.0449360848787,
"IND","FDISTOCK","INWARD","PC_GDP","A","2006",7.4782634383044,
"IND","FDISTOCK","INWARD","PC_GDP","A","2007",8.772378904631,
"IND","FDISTOCK","INWARD","PC_GDP","A","2008",9.7577004949172,
"IND","FDISTOCK","INWARD","PC_GDP","A","2009",12.652680828233,
"IND","FDISTOCK","INWARD","PC_GDP","A","2010",12.034398815307,
"IND","FDISTOCK","INWARD","PC_GDP","A","2011",11.320192731749,
"IND","FDISTOCK","INWARD","PC_GDP","A","2012",12.310267301439,
"IND","FDISTOCK","INWARD","PC_GDP","A","2013",12.201554783944,
"IND","FDISTOCK","INWARD","PC_GDP","A","2014",13.036852045017,
"IND","FDISTOCK","INWARD","PC_GDP","A","2015",13.442661501756,
"IND","FDISTOCK","INWARD","PC_GDP","A","2016",14.014527902546,
"IND","FDISTOCK","INWARD","PC_GDP","A","2017",14.457139990165,
"IDN","FDISTOCK","INWARD","PC_GDP","A","2010",21.286748064016,
"IDN","FDISTOCK","INWARD","PC_GDP","A","2011",20.695452955763,
"IDN","FDISTOCK","INWARD","PC_GDP","A","2012",23.057189259611,
"IDN","FDISTOCK","INWARD","PC_GDP","A","2013",25.292373100064,
"IDN","FDISTOCK","INWARD","PC_GDP","A","2014",24.414390061773,
"IDN","FDISTOCK","INWARD","PC_GDP","A","2015",25.835966183356,
"IDN","FDISTOCK","INWARD","PC_GDP","A","2016",26.80157445939,
"IDN","FDISTOCK","INWARD","PC_GDP","A","2017",22.787151453563,
"ISR","FDISTOCK","INWARD","PC_GDP","A","2005",21.635291581497,
"ISR","FDISTOCK","INWARD","PC_GDP","A","2006",28.166873725097,
"ISR","FDISTOCK","INWARD","PC_GDP","A","2007",27.463253373674,
"ISR","FDISTOCK","INWARD","PC_GDP","A","2008",22.34121567182,
"ISR","FDISTOCK","INWARD","PC_GDP","A","2009",27.116426664944,
"ISR","FDISTOCK","INWARD","PC_GDP","A","2010",25.707121248228,
"ISR","FDISTOCK","INWARD","PC_GDP","A","2011",24.775625876663,
"ISR","FDISTOCK","INWARD","PC_GDP","A","2012",29.446267989978,
"ISR","FDISTOCK","INWARD","PC_GDP","A","2013",29.541132812367,
"ISR","FDISTOCK","INWARD","PC_GDP","A","2014",28.908618135215,
"ISR","FDISTOCK","INWARD","PC_GDP","A","2015",33.052463001396,
"ISR","FDISTOCK","INWARD","PC_GDP","A","2016",33.653862712479,
"ISR","FDISTOCK","INWARD","PC_GDP","A","2017",36.556623802186,
"RUS","FDISTOCK","INWARD","PC_GDP","A","2005",21.707327120616,
"RUS","FDISTOCK","INWARD","PC_GDP","A","2006",24.750339996779,
"RUS","FDISTOCK","INWARD","PC_GDP","A","2007",34.879230628233,
"RUS","FDISTOCK","INWARD","PC_GDP","A","2008",11.900397706621,
"RUS","FDISTOCK","INWARD","PC_GDP","A","2009",27.896896471312,
"RUS","FDISTOCK","INWARD","PC_GDP","A","2010",28.263598844757,
"RUS","FDISTOCK","INWARD","PC_GDP","A","2011",19.932261641166,
"RUS","FDISTOCK","INWARD","PC_GDP","A","2012",19.825543182874,
"RUS","FDISTOCK","INWARD","PC_GDP","A","2013",20.524569647911,
"RUS","FDISTOCK","INWARD","PC_GDP","A","2014",14.054576662083,
"RUS","FDISTOCK","INWARD","PC_GDP","A","2015",19.236744592365,
"RUS","FDISTOCK","INWARD","PC_GDP","A","2016",30.698376970707,
"RUS","FDISTOCK","INWARD","PC_GDP","A","2017",28.879369270342,
"SAU","FDISTOCK","INWARD","PC_GDP","A","2007",17.676684693839,
"SAU","FDISTOCK","INWARD","PC_GDP","A","2008",21.726853338367,
"SAU","FDISTOCK","INWARD","PC_GDP","A","2009",34.511658062181,
"SAU","FDISTOCK","INWARD","PC_GDP","A","2010",33.391788918228,
"SAU","FDISTOCK","INWARD","PC_GDP","A","2011",27.822904953249,
"SAU","FDISTOCK","INWARD","PC_GDP","A","2012",27.043335360576,
"SAU","FDISTOCK","INWARD","PC_GDP","A","2013",27.844072521008,
"SAU","FDISTOCK","INWARD","PC_GDP","A","2014",28.546130895522,
"SAU","FDISTOCK","INWARD","PC_GDP","A","2015",34.244242827005,
"SAU","FDISTOCK","INWARD","PC_GDP","A","2016",35.895420038128,
"SAU","FDISTOCK","INWARD","PC_GDP","A","2017",33.816046413591,
"SVN","FDISTOCK","INWARD","PC_GDP","A","2005",19.412731447273,
"SVN","FDISTOCK","INWARD","PC_GDP","A","2006",22.372829582095,
"SVN","FDISTOCK","INWARD","PC_GDP","A","2007",22.735914004117,
"SVN","FDISTOCK","INWARD","PC_GDP","A","2008",21.525820054866,
"SVN","FDISTOCK","INWARD","PC_GDP","A","2009",22.444405118194,
"SVN","FDISTOCK","INWARD","PC_GDP","A","2010",22.216113237897,
"SVN","FDISTOCK","INWARD","PC_GDP","A","2011",22.402634314493,
"SVN","FDISTOCK","INWARD","PC_GDP","A","2012",26.323861699183,
"SVN","FDISTOCK","INWARD","PC_GDP","A","2013",25.497913596102,
"SVN","FDISTOCK","INWARD","PC_GDP","A","2014",24.817456535486,
"SVN","FDISTOCK","INWARD","PC_GDP","A","2015",29.351458915396,
"SVN","FDISTOCK","INWARD","PC_GDP","A","2016",30.579891714952,
"SVN","FDISTOCK","INWARD","PC_GDP","A","2017",33.628636781133,
"ZAF","FDISTOCK","INWARD","PC_GDP","A","2005",37.511223359133,
"ZAF","FDISTOCK","INWARD","PC_GDP","A","2006",39.364732408436,
"ZAF","FDISTOCK","INWARD","PC_GDP","A","2007",44.029273785443,
"ZAF","FDISTOCK","INWARD","PC_GDP","A","2008",29.169398007663,
"ZAF","FDISTOCK","INWARD","PC_GDP","A","2009",46.885190249063,
"ZAF","FDISTOCK","INWARD","PC_GDP","A","2010",47.839395709492,
"ZAF","FDISTOCK","INWARD","PC_GDP","A","2011",38.276667440673,
"ZAF","FDISTOCK","INWARD","PC_GDP","A","2012",41.255823475143,
"ZAF","FDISTOCK","INWARD","PC_GDP","A","2013",41.490671125596,
"ZAF","FDISTOCK","INWARD","PC_GDP","A","2014",39.614808109461,
"ZAF","FDISTOCK","INWARD","PC_GDP","A","2015",39.918407834495,
"ZAF","FDISTOCK","INWARD","PC_GDP","A","2016",45.800398855665,
"ZAF","FDISTOCK","INWARD","PC_GDP","A","2017",44.745109244895,
"EU","FDISTOCK","INWARD","PC_GDP","A","2005",30.441937368441,
"EU","FDISTOCK","INWARD","PC_GDP","A","2006",36.422770594004,
"EU","FDISTOCK","INWARD","PC_GDP","A","2007",40.311902238141,
"EU","FDISTOCK","INWARD","PC_GDP","A","2008",32.963228621431,
"EU","FDISTOCK","INWARD","PC_GDP","A","2009",40.095294606607,
"EU","FDISTOCK","INWARD","PC_GDP","A","2010",40.375614321808,
"EU","FDISTOCK","INWARD","PC_GDP","A","2011",38.387685987406,
"EU","FDISTOCK","INWARD","PC_GDP","A","2012",44.418549169112,
"EU","FDISTOCK","INWARD","PC_GDP","A","2013",45.04661813137,
"EU","FDISTOCK","INWARD","PC_GDP","A","2014",45.707094807266,
"EU","FDISTOCK","INWARD","PC_GDP","A","2015",52.52100497133,
"EU","FDISTOCK","INWARD","PC_GDP","A","2016",52.049044356136,
"EU","FDISTOCK","INWARD","PC_GDP","A","2017",58.646330901792,
"G20","FDISTOCK","INWARD","PC_GDP","A","2005",19.535049801274,
"G20","FDISTOCK","INWARD","PC_GDP","A","2006",22.254131401399,
"G20","FDISTOCK","INWARD","PC_GDP","A","2007",24.095106715305,
"G20","FDISTOCK","INWARD","PC_GDP","A","2008",17.927870886568,
"G20","FDISTOCK","INWARD","PC_GDP","A","2009",23.356131324366,
"G20","FDISTOCK","INWARD","PC_GDP","A","2010",24.217374318894,
"G20","FDISTOCK","INWARD","PC_GDP","A","2011",22.698989640982,
"G20","FDISTOCK","INWARD","PC_GDP","A","2012",24.082960679019,
"G20","FDISTOCK","INWARD","PC_GDP","A","2013",26.08048028837,
"G20","FDISTOCK","INWARD","PC_GDP","A","2014",26.249468401213,
"G20","FDISTOCK","INWARD","PC_GDP","A","2015",27.106778248933,
"G20","FDISTOCK","INWARD","PC_GDP","A","2016",28.988489061351,
"G20","FDISTOCK","INWARD","PC_GDP","A","2017",31.526824582526,
"OECD","FDISTOCK","INWARD","PC_GDP","A","2005",23.765377779322,
"OECD","FDISTOCK","INWARD","PC_GDP","A","2006",27.492744924811,
"OECD","FDISTOCK","INWARD","PC_GDP","A","2007",30.480483909268,
"OECD","FDISTOCK","INWARD","PC_GDP","A","2008",23.119144741014,
"OECD","FDISTOCK","INWARD","PC_GDP","A","2009",28.599301733672,
"OECD","FDISTOCK","INWARD","PC_GDP","A","2010",29.267869485431,
"OECD","FDISTOCK","INWARD","PC_GDP","A","2011",27.692077164981,
"OECD","FDISTOCK","INWARD","PC_GDP","A","2012",30.677192161759,
"OECD","FDISTOCK","INWARD","PC_GDP","A","2013",33.5171530277,
"OECD","FDISTOCK","INWARD","PC_GDP","A","2014",34.907545828447,
"OECD","FDISTOCK","INWARD","PC_GDP","A","2015",37.49799688456,
"OECD","FDISTOCK","INWARD","PC_GDP","A","2016",39.105346758232,
"OECD","FDISTOCK","INWARD","PC_GDP","A","2017",43.76592059103,
"LVA","FDISTOCK","INWARD","PC_GDP","A","2005",28.999926041126,
"LVA","FDISTOCK","INWARD","PC_GDP","A","2006",35.013956386779,
"LVA","FDISTOCK","INWARD","PC_GDP","A","2007",35.569887327579,
"LVA","FDISTOCK","INWARD","PC_GDP","A","2008",31.774188638264,
"LVA","FDISTOCK","INWARD","PC_GDP","A","2009",44.43968975178,
"LVA","FDISTOCK","INWARD","PC_GDP","A","2010",46.014233902778,
"LVA","FDISTOCK","INWARD","PC_GDP","A","2011",42.545105862426,
"LVA","FDISTOCK","INWARD","PC_GDP","A","2012",48.120589606543,
"LVA","FDISTOCK","INWARD","PC_GDP","A","2013",52.747100255745,
"LVA","FDISTOCK","INWARD","PC_GDP","A","2014",48.092570507602,
"LVA","FDISTOCK","INWARD","PC_GDP","A","2015",54.656766495483,
"LVA","FDISTOCK","INWARD","PC_GDP","A","2016",51.626553658343,
"LVA","FDISTOCK","INWARD","PC_GDP","A","2017",57.880983533361,
"WLD","FDISTOCK","INWARD","PC_GDP","A","2005",24.041367224833,
"WLD","FDISTOCK","INWARD","PC_GDP","A","2006",27.664431307709,
"WLD","FDISTOCK","INWARD","PC_GDP","A","2007",30.949942285212,
"WLD","FDISTOCK","INWARD","PC_GDP","A","2008",23.968339087315,
"WLD","FDISTOCK","INWARD","PC_GDP","A","2009",29.986561360514,
"WLD","FDISTOCK","INWARD","PC_GDP","A","2010",30.679133074299,
"WLD","FDISTOCK","INWARD","PC_GDP","A","2011",28.746571929126,
"WLD","FDISTOCK","INWARD","PC_GDP","A","2012",31.19732035093,
"WLD","FDISTOCK","INWARD","PC_GDP","A","2013",33.149437354539,
"WLD","FDISTOCK","INWARD","PC_GDP","A","2014",34.119471084502,
"WLD","FDISTOCK","INWARD","PC_GDP","A","2015",36.521365485446,
"WLD","FDISTOCK","INWARD","PC_GDP","A","2016",38.43089119921,
"WLD","FDISTOCK","INWARD","PC_GDP","A","2017",41.618222067908,
"LTU","FDISTOCK","INWARD","PC_GDP","A","2005",30.001717350575,
"LTU","FDISTOCK","INWARD","PC_GDP","A","2006",35.353616305394,
"LTU","FDISTOCK","INWARD","PC_GDP","A","2007",37.07350930959,
"LTU","FDISTOCK","INWARD","PC_GDP","A","2008",26.705936292277,
"LTU","FDISTOCK","INWARD","PC_GDP","A","2009",35.426656727495,
"LTU","FDISTOCK","INWARD","PC_GDP","A","2010",36.097796686534,
"LTU","FDISTOCK","INWARD","PC_GDP","A","2011",32.785459237572,
"LTU","FDISTOCK","INWARD","PC_GDP","A","2012",37.242979020238,
"LTU","FDISTOCK","INWARD","PC_GDP","A","2013",37.799832819321,
"LTU","FDISTOCK","INWARD","PC_GDP","A","2014",31.869061245729,
"LTU","FDISTOCK","INWARD","PC_GDP","A","2015",35.400892361462,
"LTU","FDISTOCK","INWARD","PC_GDP","A","2016",34.317448619178,
"LTU","FDISTOCK","INWARD","PC_GDP","A","2017",37.67321040778,
